motif;secteur
economiesuisse|arbeitgeberverband|union patronale|gewerbeverband|arts et metiers|handelskammer|chambre de commerce|swissmem|scienceindustries|fer geneve|digitalswitzerland|swiss holdings;Faîtières économiques
hauseigentumer|\bhev\b|proprietaires|immobil|mieterverband|asloca|wohnraum;Immobilier et logement
\bubs\b|credit suisse|raiffeisen|kantonalbank|banque cantonale|bankiervereinigung|banquiers|pictet|lombard odier|julius baer|vontobel|partners group|maerki baumann|six group;Banques et finance
versicherung|assurance|swiss life|zurich insurance|\baxa\b|mobiliar|helvetia|baloise|santesuisse|curafutura|krankenkasse|groupe mutuel|reinsurance|\bsvv\b;Assurances
gewerkschaft|syndica|\bunia\b|\bvpod\b|\bssp\b|travail suisse|\bsev\b|\bsyna\b;Syndicats
pro natura|\bwwf\b|greenpeace|birdlife|\bvcs\b|\bate\b|landschaftsschutz|umweltschutz;Environnement
bauernverband|paysans|\bagri|milch|landwirt|prometerre;Agriculture
\bfmh\b|arzte|medecin|pharma|interpharma|novartis|roche|spital|hopita|pflege|apotheke;Santé et pharma
strasseschweiz|auto schweiz|\btcs\b|\bacs\b|astag|swiss international air|\bsbb\b|\bcff\b;Transports
avenergy|energie|energy|\baxpo\b|alpiq|\bbkw\b|swissolar;Énergie
gastrosuisse|hotellerie|tourism;Tourisme et restauration
stiftung fur burgerliche politik|aktionskomitee fur freiheit|liberal conservatrice|liberal konservativ|\badel\b|economie liberale;Fondations et cercles politiques
